[
  {
    "baseType": 3,
    "name": "display_received_at",
    "defaultValue": "",
    "description": "",
    "helpText": "",
    "isSystem": false,
    "minLength": 0,
    "maxLength": 60,
    "validationRegex": "",
    "isValidate": false
  },
  {
    "baseType": 3,
    "name": "facility",
    "defaultValue": "",
    "description": "",
    "helpText": "",
    "isSystem": false,
    "minLength": 0,
    "maxLength": 60,
    "validationRegex": "",
    "isValidate": false
  },
  {
    "baseType": 3,
    "name": "hostname",
    "defaultValue": "",
    "description": "",
    "helpText": "",
    "isSystem": false,
    "minLength": 0,
    "maxLength": 40,
    "validationRegex": "",
    "isValidate": false
  },
  {
    "baseType": 3,
    "name": "id",
    "defaultValue": "",
    "description": "",
    "helpText": "",
    "isSystem": false,
    "minLength": 0,
    "maxLength": 90,
    "validationRegex": "",
    "isValidate": false
  },
  {
    "baseType": 3,
    "name": "message",
    "defaultValue": "",
    "description": "",
    "helpText": "",
    "isSystem": false,
    "minLength": 0,
    "maxLength": 500,
    "validationRegex": "",
    "isValidate": false
  },
  {
    "baseType": 3,
    "name": "program",
    "defaultValue": "",
    "description": "",
    "helpText": "",
    "isSystem": false,
    "minLength": 0,
    "maxLength": 60,
    "validationRegex": "",
    "isValidate": false
  },
  {
    "baseType": 3,
    "name": "severity",
    "defaultValue": "",
    "description": "",
    "helpText": "",
    "isSystem": false,
    "minLength": 0,
    "maxLength": 60,
    "validationRegex": "",
    "isValidate": false
  },
  {
    "baseType": 3,
    "name": "source_ip",
    "defaultValue": "",
    "description": "",
    "helpText": "",
    "isSystem": false,
    "minLength": 0,
    "maxLength": 60,
    "validationRegex": "",
    "isValidate": false
  }
]