{
  "integrations": [
    {
      "id": "7cbc804a-d32c-41bc-80a6-05e88559ef8f",
      "name": "InboundPapertrailWebhook",
      "action": "CREATE_EVENT",
      "type": "INBOUND_WEBHOOK",
      "deployed": true,
      "form": "040ed54c-77e1-4fe9-b122-6edc3685fbad",
      "script": "\n\n\nvar payload = JSON.parse(request.parameters.payload);\n\nvar myEvent = payload.events[0];\n\n/** Customize form properties **/\n//trigger.properties.myTextProperty = 'Oracle Database is down';\n//trigger.properties.myComboBoxProperty = 'AJAX';\n//trigger.properties.myNumberProperty = 468;\n//trigger.properties.myHeirarchyProperty = ['USA', 'California', 'Los Angeles'];\n//trigger.properties.myBooleanProperty = true;\n//trigger.properties.myListProperty = ['Stored Procedures', 'Web Services'];\n\n trigger.properties.message = myEvent.message;\n trigger.properties.display_received_at = myEvent.display_received_at;\n trigger.properties.source_ip = myEvent.source_ip;\n trigger.properties.hostname = myEvent.hostname;\n trigger.properties.severity = myEvent.severity;\n trigger.properties.facility = myEvent.facility;\n trigger.properties.program = myEvent.program;\n trigger.properties.source_name = myEvent.source_name;\n trigger.properties.id = myEvent.id;\n\n/** Set the event priority **/\ntrigger.priority = 'HIGH';  //Valid values include: 'HIGH', 'MEDIUM', 'LOW'\n\n/**\n * Set conference bridge settings\n * The form must be configured to use a conference bridge for these settings to take effect.\n */\n//trigger.conferences = [{'name' : '50764920'}]; //Syntax for connecting to an existing xMatters-hosted conference\n//trigger.conferences =[{'name' : null}]; //Syntax for connecting to a new xMatters-hosted conference\n//trigger.conferences=[{'name' : 'WebEx'}]; //Syntax for connecting to an external conference\n\n\n/**\n * Trigger the event\n * Use form.post(trigger) to initiate the event.\n */\nform.post(trigger);\n\n",
      "environment": "HOSTED"
    }
  ],
  "endpoints": [],
  "constants": []
}